{"cameraMode":{"drawMode":0,"name":"Shaded","section":"Shading Mode"},"sceneLighting":true,"audioPlay":false,"sceneViewState":{"m_AlwaysRefresh":false,"showFog":true,"showSkybox":true,"showFlares":true,"showImageEffects":true,"showParticleSystems":true,"showVisualEffectGraphs":true,"m_FxEnabled":true},"in2DMode":false,"pivot":{"x":0.34175899624824526,"y":10.579489707946778,"z":44.117401123046878},"rotation":{"x":0.13314807415008546,"y":-0.0025194291956722738,"z":0.0009496143902651966,"w":0.9913720488548279},"size":1.5262548923492432,"orthographic":false}