{"cameraMode":{"drawMode":0,"name":"Shaded","section":"Shading Mode"},"sceneLighting":false,"audioPlay":false,"sceneViewState":{"m_AlwaysRefresh":false,"showFog":true,"showSkybox":true,"showFlares":true,"showImageEffects":true,"showParticleSystems":true,"showVisualEffectGraphs":true,"m_FxEnabled":true},"in2DMode":false,"pivot":{"x":5.191544532775879,"y":14.061295509338379,"z":126.03372955322266},"rotation":{"x":-0.23081253468990327,"y":0.17832374572753907,"z":-0.043074071407318118,"w":-0.9555491805076599},"size":175.71865844726563,"orthographic":false}