{"cameraMode":{"drawMode":0,"name":"Shaded","section":"Shading Mode"},"sceneLighting":true,"audioPlay":false,"sceneViewState":{"m_AlwaysRefresh":false,"showFog":true,"showSkybox":true,"showFlares":true,"showImageEffects":true,"showParticleSystems":true,"showVisualEffectGraphs":true,"m_FxEnabled":true},"in2DMode":false,"pivot":{"x":-1.0047627687454224,"y":15.735085487365723,"z":15.015802383422852},"rotation":{"x":-0.16843216121196748,"y":-0.24126367270946504,"z":0.04257233068346977,"w":-0.954814612865448},"size":1.3556456565856934,"orthographic":false}