{"cameraMode":{"drawMode":0,"name":"Shaded","section":"Shading Mode"},"sceneLighting":true,"audioPlay":false,"sceneViewState":{"m_AlwaysRefresh":false,"showFog":true,"showSkybox":true,"showFlares":true,"showImageEffects":true,"showParticleSystems":true,"showVisualEffectGraphs":true,"m_FxEnabled":true},"in2DMode":false,"pivot":{"x":-30.930574417114259,"y":21.088409423828126,"z":20.08415412902832},"rotation":{"x":0.3191845715045929,"y":-0.06157399341464043,"z":0.02085755206644535,"w":0.9457045793533325},"size":1.2247449159622193,"orthographic":false}