{"cameraMode":{"drawMode":0,"name":"Shaded","section":"Shading Mode"},"sceneLighting":true,"audioPlay":false,"sceneViewState":{"m_AlwaysRefresh":false,"showFog":true,"showSkybox":true,"showFlares":true,"showImageEffects":true,"showParticleSystems":true,"showVisualEffectGraphs":true,"m_FxEnabled":true},"in2DMode":false,"pivot":{"x":-12.362051010131836,"y":-0.5564603805541992,"z":37.62195587158203},"rotation":{"x":0.1801474541425705,"y":0.06460410356521607,"z":-0.011801382526755333,"w":0.9815542697906494},"size":8.680323600769043,"orthographic":false}