{"cameraMode":{"drawMode":0,"name":"Shaded","section":"Shading Mode"},"sceneLighting":true,"audioPlay":false,"sceneViewState":{"m_AlwaysRefresh":false,"showFog":true,"showSkybox":true,"showFlares":true,"showImageEffects":true,"showParticleSystems":true,"showVisualEffectGraphs":true,"m_FxEnabled":true},"in2DMode":false,"pivot":{"x":-11.171749114990235,"y":-0.556459903717041,"z":37.41926193237305},"rotation":{"x":0.17958390712738038,"y":0.10106479376554489,"z":-0.018493155017495157,"w":0.9784724712371826},"size":8.680323600769043,"orthographic":false}