{"cameraMode":{"drawMode":0,"name":"Shaded","section":"Shading Mode"},"sceneLighting":true,"audioPlay":false,"sceneViewState":{"m_AlwaysRefresh":false,"showFog":true,"showSkybox":true,"showFlares":true,"showImageEffects":true,"showParticleSystems":true,"showVisualEffectGraphs":true,"m_FxEnabled":true},"in2DMode":false,"pivot":{"x":-12.638520240783692,"y":2.6106109619140627,"z":6.312005519866943},"rotation":{"x":-0.27871906757354739,"y":-0.31056055426597597,"z":0.0958164855837822,"w":-0.9039322137832642},"size":1.5844738483428956,"orthographic":false}