{"cameraMode":{"drawMode":0,"name":"Shaded","section":"Shading Mode"},"sceneLighting":true,"audioPlay":false,"sceneViewState":{"m_AlwaysRefresh":false,"showFog":true,"showSkybox":true,"showFlares":true,"showImageEffects":true,"showParticleSystems":true,"showVisualEffectGraphs":true,"m_FxEnabled":true},"in2DMode":false,"pivot":{"x":0.1417141556739807,"y":3.6563587188720705,"z":46.003665924072269},"rotation":{"x":0.2589772641658783,"y":0.04345628246665001,"z":-0.011805295944213868,"w":0.9649966359138489},"size":1.78254234790802,"orthographic":false}