{"cameraMode":{"drawMode":0,"name":"Shaded","section":"Shading Mode"},"sceneLighting":true,"audioPlay":false,"sceneViewState":{"m_AlwaysRefresh":false,"showFog":true,"showSkybox":true,"showFlares":true,"showImageEffects":true,"showParticleSystems":true,"showVisualEffectGraphs":true,"m_FxEnabled":true},"in2DMode":false,"pivot":{"x":0.4720568060874939,"y":4.573629379272461,"z":49.38057327270508},"rotation":{"x":-0.012351369485259056,"y":0.9875713586807251,"z":-0.10107853263616562,"w":-0.12028428167104721},"size":0.8685075640678406,"orthographic":false}